Date,News_Article
02-10-2024,Stock market surges due to strong corporate earnings.
02-10-2024,Market sees slight decline after rate hike concerns.
02-10-2024,Investors remain cautious ahead of Fed meeting.
02-10-2024,Rising inflation impacts market sentiment.
02-10-2024,Tech stocks rally on optimistic growth projections.
03-10-2024,Stock market surges due to strong corporate earnings.
03-10-2024,Market sees slight decline after rate hike concerns.
03-10-2024,Investors remain cautious ahead of Fed meeting.
03-10-2024,Rising inflation impacts market sentiment.
03-10-2024,Tech stocks rally on optimistic growth projections.
04-10-2024,Stock market surges due to strong corporate earnings.
04-10-2024,Market sees slight decline after rate hike concerns.
04-10-2024,Investors remain cautious ahead of Fed meeting.
04-10-2024,Rising inflation impacts market sentiment.
04-10-2024,Tech stocks rally on optimistic growth projections.
05-10-2024,Stock market surges due to strong corporate earnings.
05-10-2024,Market sees slight decline after rate hike concerns.
05-10-2024,Investors remain cautious ahead of Fed meeting.
05-10-2024,Rising inflation impacts market sentiment.
05-10-2024,Tech stocks rally on optimistic growth projections.
06-10-2024,Stock market surges due to strong corporate earnings.
06-10-2024,Market sees slight decline after rate hike concerns.
06-10-2024,Investors remain cautious ahead of Fed meeting.
06-10-2024,Rising inflation impacts market sentiment.
06-10-2024,Tech stocks rally on optimistic growth projections.
07-10-2024,Stock market surges due to strong corporate earnings.
07-10-2024,Market sees slight decline after rate hike concerns.
07-10-2024,Investors remain cautious ahead of Fed meeting.
07-10-2024,Rising inflation impacts market sentiment.
07-10-2024,Tech stocks rally on optimistic growth projections.
08-10-2024,Stock market surges due to strong corporate earnings.
08-10-2024,Market sees slight decline after rate hike concerns.
08-10-2024,Investors remain cautious ahead of Fed meeting.
08-10-2024,Rising inflation impacts market sentiment.
08-10-2024,Tech stocks rally on optimistic growth projections.
09-10-2024,Stock market surges due to strong corporate earnings.
09-10-2024,Market sees slight decline after rate hike concerns.
09-10-2024,Investors remain cautious ahead of Fed meeting.
09-10-2024,Rising inflation impacts market sentiment.
09-10-2024,Tech stocks rally on optimistic growth projections.
10-10-2024,Stock market surges due to strong corporate earnings.
10-10-2024,Market sees slight decline after rate hike concerns.
10-10-2024,Investors remain cautious ahead of Fed meeting.
10-10-2024,Rising inflation impacts market sentiment.
10-10-2024,Tech stocks rally on optimistic growth projections.
11-10-2024,Stock market surges due to strong corporate earnings.
11-10-2024,Market sees slight decline after rate hike concerns.
11-10-2024,Investors remain cautious ahead of Fed meeting.
11-10-2024,Rising inflation impacts market sentiment.
11-10-2024,Tech stocks rally on optimistic growth projections.
12-10-2024,Stock market surges due to strong corporate earnings.
12-10-2024,Market sees slight decline after rate hike concerns.
12-10-2024,Investors remain cautious ahead of Fed meeting.
12-10-2024,Rising inflation impacts market sentiment.
12-10-2024,Tech stocks rally on optimistic growth projections.
13-10-2024,Stock market surges due to strong corporate earnings.
13-10-2024,Market sees slight decline after rate hike concerns.
13-10-2024,Investors remain cautious ahead of Fed meeting.
13-10-2024,Rising inflation impacts market sentiment.
13-10-2024,Tech stocks rally on optimistic growth projections.
14-10-2024,Stock market surges due to strong corporate earnings.
14-10-2024,Market sees slight decline after rate hike concerns.
14-10-2024,Investors remain cautious ahead of Fed meeting.
14-10-2024,Rising inflation impacts market sentiment.
14-10-2024,Tech stocks rally on optimistic growth projections.
15-10-2024,Stock market surges due to strong corporate earnings.
15-10-2024,Market sees slight decline after rate hike concerns.
15-10-2024,Investors remain cautious ahead of Fed meeting.
15-10-2024,Rising inflation impacts market sentiment.
15-10-2024,Tech stocks rally on optimistic growth projections.
16-10-2024,Stock market surges due to strong corporate earnings.
16-10-2024,Market sees slight decline after rate hike concerns.
16-10-2024,Investors remain cautious ahead of Fed meeting.
16-10-2024,Rising inflation impacts market sentiment.
16-10-2024,Tech stocks rally on optimistic growth projections.
17-10-2024,Stock market surges due to strong corporate earnings.
17-10-2024,Market sees slight decline after rate hike concerns.
17-10-2024,Investors remain cautious ahead of Fed meeting.
17-10-2024,Rising inflation impacts market sentiment.
17-10-2024,Tech stocks rally on optimistic growth projections.
18-10-2024,Stock market surges due to strong corporate earnings.
18-10-2024,Market sees slight decline after rate hike concerns.
18-10-2024,Investors remain cautious ahead of Fed meeting.
18-10-2024,Rising inflation impacts market sentiment.
18-10-2024,Tech stocks rally on optimistic growth projections.
19-10-2024,Stock market surges due to strong corporate earnings.
19-10-2024,Market sees slight decline after rate hike concerns.
19-10-2024,Investors remain cautious ahead of Fed meeting.
19-10-2024,Rising inflation impacts market sentiment.
19-10-2024,Tech stocks rally on optimistic growth projections.
20-10-2024,Stock market surges due to strong corporate earnings.
20-10-2024,Market sees slight decline after rate hike concerns.
20-10-2024,Investors remain cautious ahead of Fed meeting.
20-10-2024,Rising inflation impacts market sentiment.
20-10-2024,Tech stocks rally on optimistic growth projections.
21-10-2024,Stock market surges due to strong corporate earnings.
21-10-2024,Market sees slight decline after rate hike concerns.
21-10-2024,Investors remain cautious ahead of Fed meeting.
21-10-2024,Rising inflation impacts market sentiment.
21-10-2024,Tech stocks rally on optimistic growth projections.
22-10-2024,Stock market surges due to strong corporate earnings.
22-10-2024,Market sees slight decline after rate hike concerns.
22-10-2024,Investors remain cautious ahead of Fed meeting.
22-10-2024,Rising inflation impacts market sentiment.
22-10-2024,Tech stocks rally on optimistic growth projections.
23-10-2024,Stock market surges due to strong corporate earnings.
23-10-2024,Market sees slight decline after rate hike concerns.
23-10-2024,Investors remain cautious ahead of Fed meeting.
23-10-2024,Rising inflation impacts market sentiment.
23-10-2024,Tech stocks rally on optimistic growth projections.
24-10-2024,Stock market surges due to strong corporate earnings.
24-10-2024,Market sees slight decline after rate hike concerns.
24-10-2024,Investors remain cautious ahead of Fed meeting.
24-10-2024,Rising inflation impacts market sentiment.
24-10-2024,Tech stocks rally on optimistic growth projections.
25-10-2024,Stock market surges due to strong corporate earnings.
25-10-2024,Market sees slight decline after rate hike concerns.
25-10-2024,Investors remain cautious ahead of Fed meeting.
25-10-2024,Rising inflation impacts market sentiment.
25-10-2024,Tech stocks rally on optimistic growth projections.
26-10-2024,Stock market surges due to strong corporate earnings.
26-10-2024,Market sees slight decline after rate hike concerns.
26-10-2024,Investors remain cautious ahead of Fed meeting.
26-10-2024,Rising inflation impacts market sentiment.
26-10-2024,Tech stocks rally on optimistic growth projections.
27-10-2024,Stock market surges due to strong corporate earnings.
27-10-2024,Market sees slight decline after rate hike concerns.
27-10-2024,Investors remain cautious ahead of Fed meeting.
27-10-2024,Rising inflation impacts market sentiment.
27-10-2024,Tech stocks rally on optimistic growth projections.
28-10-2024,Stock market surges due to strong corporate earnings.
28-10-2024,Market sees slight decline after rate hike concerns.
28-10-2024,Investors remain cautious ahead of Fed meeting.
28-10-2024,Rising inflation impacts market sentiment.
28-10-2024,Tech stocks rally on optimistic growth projections.
29-10-2024,Stock market surges due to strong corporate earnings.
29-10-2024,Market sees slight decline after rate hike concerns.
29-10-2024,Investors remain cautious ahead of Fed meeting.
29-10-2024,Rising inflation impacts market sentiment.
29-10-2024,Tech stocks rally on optimistic growth projections.
30-10-2024,Stock market surges due to strong corporate earnings.
30-10-2024,Market sees slight decline after rate hike concerns.
30-10-2024,Investors remain cautious ahead of Fed meeting.
30-10-2024,Rising inflation impacts market sentiment.
30-10-2024,Tech stocks rally on optimistic growth projections.
31-10-2024,Stock market surges due to strong corporate earnings.
31-10-2024,Market sees slight decline after rate hike concerns.
31-10-2024,Investors remain cautious ahead of Fed meeting.
31-10-2024,Rising inflation impacts market sentiment.
31-10-2024,Tech stocks rally on optimistic growth projections.
01-11-2024,Stock market surges due to strong corporate earnings.
01-11-2024,Market sees slight decline after rate hike concerns.
01-11-2024,Investors remain cautious ahead of Fed meeting.
01-11-2024,Rising inflation impacts market sentiment.
01-11-2024,Tech stocks rally on optimistic growth projections.
02-11-2024,Stock market surges due to strong corporate earnings.
02-11-2024,Market sees slight decline after rate hike concerns.
02-11-2024,Investors remain cautious ahead of Fed meeting.
02-11-2024,Rising inflation impacts market sentiment.
02-11-2024,Tech stocks rally on optimistic growth projections.
03-11-2024,Stock market surges due to strong corporate earnings.
03-11-2024,Market sees slight decline after rate hike concerns.
03-11-2024,Investors remain cautious ahead of Fed meeting.
03-11-2024,Rising inflation impacts market sentiment.
03-11-2024,Tech stocks rally on optimistic growth projections.
04-11-2024,Stock market surges due to strong corporate earnings.
04-11-2024,Market sees slight decline after rate hike concerns.
04-11-2024,Investors remain cautious ahead of Fed meeting.
04-11-2024,Rising inflation impacts market sentiment.
04-11-2024,Tech stocks rally on optimistic growth projections.
05-11-2024,Stock market surges due to strong corporate earnings.
05-11-2024,Market sees slight decline after rate hike concerns.
05-11-2024,Investors remain cautious ahead of Fed meeting.
05-11-2024,Rising inflation impacts market sentiment.
05-11-2024,Tech stocks rally on optimistic growth projections.
06-11-2024,Stock market surges due to strong corporate earnings.
06-11-2024,Market sees slight decline after rate hike concerns.
06-11-2024,Investors remain cautious ahead of Fed meeting.
06-11-2024,Rising inflation impacts market sentiment.
06-11-2024,Tech stocks rally on optimistic growth projections.
07-11-2024,Stock market surges due to strong corporate earnings.
07-11-2024,Market sees slight decline after rate hike concerns.
07-11-2024,Investors remain cautious ahead of Fed meeting.
07-11-2024,Rising inflation impacts market sentiment.
07-11-2024,Tech stocks rally on optimistic growth projections.
08-11-2024,Stock market surges due to strong corporate earnings.
08-11-2024,Market sees slight decline after rate hike concerns.
08-11-2024,Investors remain cautious ahead of Fed meeting.
08-11-2024,Rising inflation impacts market sentiment.
08-11-2024,Tech stocks rally on optimistic growth projections.
09-11-2024,Stock market surges due to strong corporate earnings.
09-11-2024,Market sees slight decline after rate hike concerns.
09-11-2024,Investors remain cautious ahead of Fed meeting.
09-11-2024,Rising inflation impacts market sentiment.
09-11-2024,Tech stocks rally on optimistic growth projections.
10-11-2024,Stock market surges due to strong corporate earnings.
10-11-2024,Market sees slight decline after rate hike concerns.
10-11-2024,Investors remain cautious ahead of Fed meeting.
10-11-2024,Rising inflation impacts market sentiment.
10-11-2024,Tech stocks rally on optimistic growth projections.
11-11-2024,Stock market surges due to strong corporate earnings.
11-11-2024,Market sees slight decline after rate hike concerns.
11-11-2024,Investors remain cautious ahead of Fed meeting.
11-11-2024,Rising inflation impacts market sentiment.
11-11-2024,Tech stocks rally on optimistic growth projections.
12-11-2024,Stock market surges due to strong corporate earnings.
12-11-2024,Market sees slight decline after rate hike concerns.
12-11-2024,Investors remain cautious ahead of Fed meeting.
12-11-2024,Rising inflation impacts market sentiment.
12-11-2024,Tech stocks rally on optimistic growth projections.
13-11-2024,Stock market surges due to strong corporate earnings.
13-11-2024,Market sees slight decline after rate hike concerns.
13-11-2024,Investors remain cautious ahead of Fed meeting.
13-11-2024,Rising inflation impacts market sentiment.
13-11-2024,Tech stocks rally on optimistic growth projections.
14-11-2024,Stock market surges due to strong corporate earnings.
14-11-2024,Market sees slight decline after rate hike concerns.
14-11-2024,Investors remain cautious ahead of Fed meeting.
14-11-2024,Rising inflation impacts market sentiment.
14-11-2024,Tech stocks rally on optimistic growth projections.
15-11-2024,Stock market surges due to strong corporate earnings.
15-11-2024,Market sees slight decline after rate hike concerns.
15-11-2024,Investors remain cautious ahead of Fed meeting.
15-11-2024,Rising inflation impacts market sentiment.
15-11-2024,Tech stocks rally on optimistic growth projections.
16-11-2024,Stock market surges due to strong corporate earnings.
16-11-2024,Market sees slight decline after rate hike concerns.
16-11-2024,Investors remain cautious ahead of Fed meeting.
16-11-2024,Rising inflation impacts market sentiment.
16-11-2024,Tech stocks rally on optimistic growth projections.
17-11-2024,Stock market surges due to strong corporate earnings.
17-11-2024,Market sees slight decline after rate hike concerns.
17-11-2024,Investors remain cautious ahead of Fed meeting.
17-11-2024,Rising inflation impacts market sentiment.
17-11-2024,Tech stocks rally on optimistic growth projections.
18-11-2024,Stock market surges due to strong corporate earnings.
18-11-2024,Market sees slight decline after rate hike concerns.
18-11-2024,Investors remain cautious ahead of Fed meeting.
18-11-2024,Rising inflation impacts market sentiment.
18-11-2024,Tech stocks rally on optimistic growth projections.
19-11-2024,Stock market surges due to strong corporate earnings.
19-11-2024,Market sees slight decline after rate hike concerns.
19-11-2024,Investors remain cautious ahead of Fed meeting.
19-11-2024,Rising inflation impacts market sentiment.
19-11-2024,Tech stocks rally on optimistic growth projections.
20-11-2024,Stock market surges due to strong corporate earnings.
20-11-2024,Market sees slight decline after rate hike concerns.
20-11-2024,Investors remain cautious ahead of Fed meeting.
20-11-2024,Rising inflation impacts market sentiment.
20-11-2024,Tech stocks rally on optimistic growth projections.
21-11-2024,Stock market surges due to strong corporate earnings.
21-11-2024,Market sees slight decline after rate hike concerns.
21-11-2024,Investors remain cautious ahead of Fed meeting.
21-11-2024,Rising inflation impacts market sentiment.
21-11-2024,Tech stocks rally on optimistic growth projections.
22-11-2024,Stock market surges due to strong corporate earnings.
22-11-2024,Market sees slight decline after rate hike concerns.
22-11-2024,Investors remain cautious ahead of Fed meeting.
22-11-2024,Rising inflation impacts market sentiment.
22-11-2024,Tech stocks rally on optimistic growth projections.
23-11-2024,Stock market surges due to strong corporate earnings.
23-11-2024,Market sees slight decline after rate hike concerns.
23-11-2024,Investors remain cautious ahead of Fed meeting.
23-11-2024,Rising inflation impacts market sentiment.
23-11-2024,Tech stocks rally on optimistic growth projections.
24-11-2024,Stock market surges due to strong corporate earnings.
24-11-2024,Market sees slight decline after rate hike concerns.
24-11-2024,Investors remain cautious ahead of Fed meeting.
24-11-2024,Rising inflation impacts market sentiment.
24-11-2024,Tech stocks rally on optimistic growth projections.
25-11-2024,Stock market surges due to strong corporate earnings.
25-11-2024,Market sees slight decline after rate hike concerns.
25-11-2024,Investors remain cautious ahead of Fed meeting.
25-11-2024,Rising inflation impacts market sentiment.
25-11-2024,Tech stocks rally on optimistic growth projections.
26-11-2024,Stock market surges due to strong corporate earnings.
26-11-2024,Market sees slight decline after rate hike concerns.
26-11-2024,Investors remain cautious ahead of Fed meeting.
26-11-2024,Rising inflation impacts market sentiment.
26-11-2024,Tech stocks rally on optimistic growth projections.
27-11-2024,Stock market surges due to strong corporate earnings.
27-11-2024,Market sees slight decline after rate hike concerns.
27-11-2024,Investors remain cautious ahead of Fed meeting.
27-11-2024,Rising inflation impacts market sentiment.
27-11-2024,Tech stocks rally on optimistic growth projections.
28-11-2024,Stock market surges due to strong corporate earnings.
28-11-2024,Market sees slight decline after rate hike concerns.
28-11-2024,Investors remain cautious ahead of Fed meeting.
28-11-2024,Rising inflation impacts market sentiment.
28-11-2024,Tech stocks rally on optimistic growth projections.
29-11-2024,Stock market surges due to strong corporate earnings.
29-11-2024,Market sees slight decline after rate hike concerns.
29-11-2024,Investors remain cautious ahead of Fed meeting.
29-11-2024,Rising inflation impacts market sentiment.
29-11-2024,Tech stocks rally on optimistic growth projections.
30-11-2024,Stock market surges due to strong corporate earnings.
30-11-2024,Market sees slight decline after rate hike concerns.
30-11-2024,Investors remain cautious ahead of Fed meeting.
30-11-2024,Rising inflation impacts market sentiment.
30-11-2024,Tech stocks rally on optimistic growth projections.
01-12-2024,Stock market surges due to strong corporate earnings.
01-12-2024,Market sees slight decline after rate hike concerns.
01-12-2024,Investors remain cautious ahead of Fed meeting.
01-12-2024,Rising inflation impacts market sentiment.
01-12-2024,Tech stocks rally on optimistic growth projections.
02-12-2024,Stock market surges due to strong corporate earnings.
02-12-2024,Market sees slight decline after rate hike concerns.
02-12-2024,Investors remain cautious ahead of Fed meeting.
02-12-2024,Rising inflation impacts market sentiment.
02-12-2024,Tech stocks rally on optimistic growth projections.
03-12-2024,Stock market surges due to strong corporate earnings.
03-12-2024,Market sees slight decline after rate hike concerns.
03-12-2024,Investors remain cautious ahead of Fed meeting.
03-12-2024,Rising inflation impacts market sentiment.
03-12-2024,Tech stocks rally on optimistic growth projections.
04-12-2024,Stock market surges due to strong corporate earnings.
04-12-2024,Market sees slight decline after rate hike concerns.
04-12-2024,Investors remain cautious ahead of Fed meeting.
04-12-2024,Rising inflation impacts market sentiment.
04-12-2024,Tech stocks rally on optimistic growth projections.
05-12-2024,Stock market surges due to strong corporate earnings.
05-12-2024,Market sees slight decline after rate hike concerns.
05-12-2024,Investors remain cautious ahead of Fed meeting.
05-12-2024,Rising inflation impacts market sentiment.
05-12-2024,Tech stocks rally on optimistic growth projections.
06-12-2024,Stock market surges due to strong corporate earnings.
06-12-2024,Market sees slight decline after rate hike concerns.
06-12-2024,Investors remain cautious ahead of Fed meeting.
06-12-2024,Rising inflation impacts market sentiment.
06-12-2024,Tech stocks rally on optimistic growth projections.
07-12-2024,Stock market surges due to strong corporate earnings.
07-12-2024,Market sees slight decline after rate hike concerns.
07-12-2024,Investors remain cautious ahead of Fed meeting.
07-12-2024,Rising inflation impacts market sentiment.
07-12-2024,Tech stocks rally on optimistic growth projections.
08-12-2024,Stock market surges due to strong corporate earnings.
08-12-2024,Market sees slight decline after rate hike concerns.
08-12-2024,Investors remain cautious ahead of Fed meeting.
08-12-2024,Rising inflation impacts market sentiment.
08-12-2024,Tech stocks rally on optimistic growth projections.
09-12-2024,Stock market surges due to strong corporate earnings.
09-12-2024,Market sees slight decline after rate hike concerns.
09-12-2024,Investors remain cautious ahead of Fed meeting.
09-12-2024,Rising inflation impacts market sentiment.
09-12-2024,Tech stocks rally on optimistic growth projections.
10-12-2024,Stock market surges due to strong corporate earnings.
10-12-2024,Market sees slight decline after rate hike concerns.
10-12-2024,Investors remain cautious ahead of Fed meeting.
10-12-2024,Rising inflation impacts market sentiment.
10-12-2024,Tech stocks rally on optimistic growth projections.
11-12-2024,Stock market surges due to strong corporate earnings.
11-12-2024,Market sees slight decline after rate hike concerns.
11-12-2024,Investors remain cautious ahead of Fed meeting.
11-12-2024,Rising inflation impacts market sentiment.
11-12-2024,Tech stocks rally on optimistic growth projections.
12-12-2024,Stock market surges due to strong corporate earnings.
12-12-2024,Market sees slight decline after rate hike concerns.
12-12-2024,Investors remain cautious ahead of Fed meeting.
12-12-2024,Rising inflation impacts market sentiment.
12-12-2024,Tech stocks rally on optimistic growth projections.
13-12-2024,Stock market surges due to strong corporate earnings.
13-12-2024,Market sees slight decline after rate hike concerns.
13-12-2024,Investors remain cautious ahead of Fed meeting.
13-12-2024,Rising inflation impacts market sentiment.
13-12-2024,Tech stocks rally on optimistic growth projections.
14-12-2024,Stock market surges due to strong corporate earnings.
14-12-2024,Market sees slight decline after rate hike concerns.
14-12-2024,Investors remain cautious ahead of Fed meeting.
14-12-2024,Rising inflation impacts market sentiment.
14-12-2024,Tech stocks rally on optimistic growth projections.
15-12-2024,Stock market surges due to strong corporate earnings.
15-12-2024,Market sees slight decline after rate hike concerns.
15-12-2024,Investors remain cautious ahead of Fed meeting.
15-12-2024,Rising inflation impacts market sentiment.
15-12-2024,Tech stocks rally on optimistic growth projections.
16-12-2024,Stock market surges due to strong corporate earnings.
16-12-2024,Market sees slight decline after rate hike concerns.
16-12-2024,Investors remain cautious ahead of Fed meeting.
16-12-2024,Rising inflation impacts market sentiment.
16-12-2024,Tech stocks rally on optimistic growth projections.
17-12-2024,Stock market surges due to strong corporate earnings.
17-12-2024,Market sees slight decline after rate hike concerns.
17-12-2024,Investors remain cautious ahead of Fed meeting.
17-12-2024,Rising inflation impacts market sentiment.
17-12-2024,Tech stocks rally on optimistic growth projections.
18-12-2024,Stock market surges due to strong corporate earnings.
18-12-2024,Market sees slight decline after rate hike concerns.
18-12-2024,Investors remain cautious ahead of Fed meeting.
18-12-2024,Rising inflation impacts market sentiment.
18-12-2024,Tech stocks rally on optimistic growth projections.
19-12-2024,Stock market surges due to strong corporate earnings.
19-12-2024,Market sees slight decline after rate hike concerns.
19-12-2024,Investors remain cautious ahead of Fed meeting.
19-12-2024,Rising inflation impacts market sentiment.
19-12-2024,Tech stocks rally on optimistic growth projections.
20-12-2024,Stock market surges due to strong corporate earnings.
20-12-2024,Market sees slight decline after rate hike concerns.
20-12-2024,Investors remain cautious ahead of Fed meeting.
20-12-2024,Rising inflation impacts market sentiment.
20-12-2024,Tech stocks rally on optimistic growth projections.
21-12-2024,Stock market surges due to strong corporate earnings.
21-12-2024,Market sees slight decline after rate hike concerns.
21-12-2024,Investors remain cautious ahead of Fed meeting.
21-12-2024,Rising inflation impacts market sentiment.
21-12-2024,Tech stocks rally on optimistic growth projections.
22-12-2024,Stock market surges due to strong corporate earnings.
22-12-2024,Market sees slight decline after rate hike concerns.
22-12-2024,Investors remain cautious ahead of Fed meeting.
22-12-2024,Rising inflation impacts market sentiment.
22-12-2024,Tech stocks rally on optimistic growth projections.
23-12-2024,Stock market surges due to strong corporate earnings.
23-12-2024,Market sees slight decline after rate hike concerns.
23-12-2024,Investors remain cautious ahead of Fed meeting.
23-12-2024,Rising inflation impacts market sentiment.
23-12-2024,Tech stocks rally on optimistic growth projections.
24-12-2024,Stock market surges due to strong corporate earnings.
24-12-2024,Market sees slight decline after rate hike concerns.
24-12-2024,Investors remain cautious ahead of Fed meeting.
24-12-2024,Rising inflation impacts market sentiment.
24-12-2024,Tech stocks rally on optimistic growth projections.
25-12-2024,Stock market surges due to strong corporate earnings.
25-12-2024,Market sees slight decline after rate hike concerns.
25-12-2024,Investors remain cautious ahead of Fed meeting.
25-12-2024,Rising inflation impacts market sentiment.
25-12-2024,Tech stocks rally on optimistic growth projections.
26-12-2024,Stock market surges due to strong corporate earnings.
26-12-2024,Market sees slight decline after rate hike concerns.
26-12-2024,Investors remain cautious ahead of Fed meeting.
26-12-2024,Rising inflation impacts market sentiment.
26-12-2024,Tech stocks rally on optimistic growth projections.
27-12-2024,Stock market surges due to strong corporate earnings.
27-12-2024,Market sees slight decline after rate hike concerns.
27-12-2024,Investors remain cautious ahead of Fed meeting.
27-12-2024,Rising inflation impacts market sentiment.
27-12-2024,Tech stocks rally on optimistic growth projections.
28-12-2024,Stock market surges due to strong corporate earnings.
28-12-2024,Market sees slight decline after rate hike concerns.
28-12-2024,Investors remain cautious ahead of Fed meeting.
28-12-2024,Rising inflation impacts market sentiment.
28-12-2024,Tech stocks rally on optimistic growth projections.
29-12-2024,Stock market surges due to strong corporate earnings.
29-12-2024,Market sees slight decline after rate hike concerns.
29-12-2024,Investors remain cautious ahead of Fed meeting.
29-12-2024,Rising inflation impacts market sentiment.
29-12-2024,Tech stocks rally on optimistic growth projections.
30-12-2024,Stock market surges due to strong corporate earnings.
30-12-2024,Market sees slight decline after rate hike concerns.
30-12-2024,Investors remain cautious ahead of Fed meeting.
30-12-2024,Rising inflation impacts market sentiment.
30-12-2024,Tech stocks rally on optimistic growth projections.
31-12-2024,Stock market surges due to strong corporate earnings.
31-12-2024,Market sees slight decline after rate hike concerns.
31-12-2024,Investors remain cautious ahead of Fed meeting.
31-12-2024,Rising inflation impacts market sentiment.
31-12-2024,Tech stocks rally on optimistic growth projections.
01-01-2025,Stock market surges due to strong corporate earnings.
01-01-2025,Market sees slight decline after rate hike concerns.
01-01-2025,Investors remain cautious ahead of Fed meeting.
01-01-2025,Rising inflation impacts market sentiment.
01-01-2025,Tech stocks rally on optimistic growth projections.
02-01-2025,Stock market surges due to strong corporate earnings.
02-01-2025,Market sees slight decline after rate hike concerns.
02-01-2025,Investors remain cautious ahead of Fed meeting.
02-01-2025,Rising inflation impacts market sentiment.
02-01-2025,Tech stocks rally on optimistic growth projections.
03-01-2025,Stock market surges due to strong corporate earnings.
03-01-2025,Market sees slight decline after rate hike concerns.
03-01-2025,Investors remain cautious ahead of Fed meeting.
03-01-2025,Rising inflation impacts market sentiment.
03-01-2025,Tech stocks rally on optimistic growth projections.
04-01-2025,Stock market surges due to strong corporate earnings.
04-01-2025,Market sees slight decline after rate hike concerns.
04-01-2025,Investors remain cautious ahead of Fed meeting.
04-01-2025,Rising inflation impacts market sentiment.
04-01-2025,Tech stocks rally on optimistic growth projections.
05-01-2025,Stock market surges due to strong corporate earnings.
05-01-2025,Market sees slight decline after rate hike concerns.
05-01-2025,Investors remain cautious ahead of Fed meeting.
05-01-2025,Rising inflation impacts market sentiment.
05-01-2025,Tech stocks rally on optimistic growth projections.
06-01-2025,Stock market surges due to strong corporate earnings.
06-01-2025,Market sees slight decline after rate hike concerns.
06-01-2025,Investors remain cautious ahead of Fed meeting.
06-01-2025,Rising inflation impacts market sentiment.
06-01-2025,Tech stocks rally on optimistic growth projections.
07-01-2025,Stock market surges due to strong corporate earnings.
07-01-2025,Market sees slight decline after rate hike concerns.
07-01-2025,Investors remain cautious ahead of Fed meeting.
07-01-2025,Rising inflation impacts market sentiment.
07-01-2025,Tech stocks rally on optimistic growth projections.
08-01-2025,Stock market surges due to strong corporate earnings.
08-01-2025,Market sees slight decline after rate hike concerns.
08-01-2025,Investors remain cautious ahead of Fed meeting.
08-01-2025,Rising inflation impacts market sentiment.
08-01-2025,Tech stocks rally on optimistic growth projections.
09-01-2025,Stock market surges due to strong corporate earnings.
09-01-2025,Market sees slight decline after rate hike concerns.
09-01-2025,Investors remain cautious ahead of Fed meeting.
09-01-2025,Rising inflation impacts market sentiment.
09-01-2025,Tech stocks rally on optimistic growth projections.
